,index,book_title,author_id,Year released,Rating,ratings
0,300,"Siege and Storm (The Shadow and Bone Trilogy, #2)",78.0,2013,3.85,486943.0
1,301,Wait for It (Kindle Edition),35.0,2016,4.31,69159.0
2,302,"Undercover Bromance (Bromance Book Club, #2)",43.0,2020,3.89,37661.0
3,303,The Cheat Sheet (Kindle Edition),157.0,2021,3.76,88916.0
4,304,"Something Borrowed (Darcy & Rachel, #1)",300.0,2004,3.87,548478.0
5,305,"Lick (Stage Dive, #1)",159.0,2013,4.08,84934.0
6,306,We Were Liars (Kindle Edition),160.0,2014,3.73,919633.0
7,307,"Just Like Heaven (Smythe-Smith Quartet, #1)",20.0,2011,3.95,47800.0
8,308,I'll Give You the Sun (Hardcover),161.0,2014,4.15,309331.0
9,309,Just Listen (Hardcover),153.0,2006,4.05,243619.0
10,310,"An Ember in the Ashes (An Ember in the Ashes, #1)",300.0,2015,4.26,255988.0
11,311,"It Had to Be You (Chicago Stars, #1)",163.0,1994,4.01,64323.0
12,312,"Ice Planet Barbarians (Ice Planet Barbarians, #1)",164.0,2015,3.68,75411.0
13,313,Evvie Drake Starts Over (Hardcover),165.0,2019,3.84,119436.0
14,314,"Love, Rosie (Paperback)",107.0,2004,3.94,122412.0
15,315,"The Marriage Bargain (Marriage to a Billionaire, #1)",166.0,2010,3.8,109486.0
16,316,"A Week to Be Wicked (Spindle Cove, #2)",72.0,2012,4.11,31300.0
17,318,Today Tonight Tomorrow (Hardcover),88.0,2020,4.17,45486.0
18,320,"Bed of Roses (Bride Quartet, #2)",93.0,2009,4.12,60829.0
19,321,"Something About You (FBI/US Attorney, #1)",168.0,2010,3.94,60302.0
20,322,Along for the Ride (Hardcover),153.0,2009,4.04,200653.0
21,323,"Because of Miss Bridgerton (Rokesbys, #1)",300.0,2016,3.94,46317.0
22,325,"The Right Swipe (Modern Love, #1)",170.0,2019,3.65,21234.0
23,326,"The Bride (Lairds' Fiancées, #1)",171.0,1989,4.23,62543.0
24,327,"The DUFF: Designated Ugly Fat Friend (Hamilton High, #1)",172.0,2010,3.81,190279.0
25,328,"We'll Always Have Summer (Summer, #3)",19.0,2011,3.94,224027.0
26,329,"Angels' Blood (Guild Hunter, #1)",151.0,2009,4.07,87377.0
27,330,"We'll Always Have Summer (Summer, #3)",19.0,2011,3.94,224027.0
28,331,"The Shadows Between Us (The Shadows Between Us, #1)",173.0,2020,3.89,128699.0
29,333,"Lord of Scoundrels (Scoundrels, #3)",174.0,1995,4.09,34076.0
30,334,"Geekerella (Once Upon a Con, #1)",175.0,2017,3.93,59104.0
31,335,"Beyond the Highland Mist (Highlander, #1)",156.0,1999,3.96,69756.0
32,336,"The Madness of Lord Ian Mackenzie (Mackenzies & McBrides, #1)",176.0,2009,4.05,35753.0
33,338,Heartless (Hardcover),49.0,2016,4.08,151923.0
34,339,"Ignite Me (Shatter Me, #3)",58.0,2014,4.45,262482.0
35,341,Better Than the Movies (Hardcover),178.0,2021,4.27,56775.0
36,342,"Thoughtless (Thoughtless, #1)",179.0,2012,4.09,138379.0
37,343,"Lover Enshrined (Black Dagger Brotherhood, #6)",42.0,2008,4.11,113315.0
38,344,"Rhapsodic (The Bargainer, #1)",180.0,2016,3.98,88341.0
39,345,"Him (Him, #1)",181.0,2015,4.29,47672.0
40,346,"The Next Always (Inn BoonsBoro Trilogy, #1)",93.0,2011,4.12,79935.0
41,347,"Savor the Moment (Bride Quartet, #3)",93.0,2010,4.14,55327.0
42,348,"The Kiss of Deception (The Remnant Chronicles, #1)",182.0,2014,3.96,116655.0
43,350,Where the Crawdads Sing (ebook),300.0,2018,4.44,2121637.0
44,351,"A Hunger Like No Other (Immortals After Dark, #1)",185.0,2006,4.12,78645.0
45,352,"Love in the Afternoon (The Hathaways, #5)",68.0,2010,4.2,44436.0
46,353,"The Raven Boys (The Raven Cycle, #1)",75.0,2012,4.05,332644.0
47,354,"The Fiery Cross (Outlander, #5)",13.0,2001,4.24,195915.0
48,355,"Stuck with You (The STEMinist Novellas, #2)",8.0,2022,3.71,48423.0
49,356,"Seduce Me at Sunrise (The Hathaways, #2)",68.0,2008,4.07,39570.0
50,357,"Ruin and Rising (The Shadow and Bone Trilogy, #3)",300.0,2014,4.02,414245.0
51,358,"Happy Ever After (Bride Quartet, #4)",93.0,2010,4.18,57059.0
52,359,"Onyx (Lux, #2)",55.0,2012,4.25,171763.0
53,361,"These Violent Delights (These Violent Delights, #1)",186.0,2020,3.96,95723.0
54,362,"Austenland (Austenland, #1)",187.0,2007,3.55,86635.0
55,363,The Guernsey Literary and Potato Peel Pie Society (Paperback),188.0,2008,4.18,698006.0
56,364,"Confessions of a Shopaholic (Shopaholic, #1)",85.0,2000,3.68,705542.0
57,365,Norwegian Wood (Paperback),189.0,1987,4.03,490161.0
58,366,"On the Island (On the Island, #1)",190.0,2011,4.11,81213.0
59,367,Let it Snow (Kindle Edition),1.0,2008,3.71,136871.0
60,368,"A Rogue of One's Own (A League of Extraordinary Women, #2)",57.0,2020,4.03,30188.0
61,369,"The Road Trip (The Road Trip, #1)",23.0,2021,3.61,63228.0
62,370,"The Wedding (The Notebook, #2)",14.0,2003,3.98,151092.0
63,371,The Best of Me (Hardcover),14.0,2010,3.96,161814.0
64,374,"Naked in Death (In Death, #1)",191.0,1995,4.12,181828.0
65,375,To Love Jason Thorn (Kindle Edition),192.0,2015,3.85,79607.0
66,376,Under Locke (Kindle Edition),35.0,2014,3.98,70425.0
67,377,"Blood Promise (Vampire Academy, #4)",86.0,2009,4.31,299530.0
68,378,"Tempt Me at Twilight (The Hathaways, #3)",68.0,2009,4.17,41823.0
69,379,Kiss an Angel (Paperback),163.0,1996,4.19,58552.0
70,380,"Captive Prince (Captive Prince, #1)",300.0,2013,3.81,79264.0
71,381,Maybe in Another Life (Paperback),18.0,2015,3.81,120415.0
72,382,The Kiss Thief (Paperback),300.0,2019,3.94,76731.0
73,383,"A Curse So Dark and Lonely (Cursebreakers, #1)",300.0,2019,4.03,122780.0
74,384,"Married by Morning (The Hathaways, #4)",68.0,2010,4.14,39467.0
75,385,"Pestilence (The Four Horsemen, #1)",180.0,2018,3.92,62447.0
76,386,"The Risk (Briar U, #2)",300.0,2019,4.28,87793.0
77,387,"One Good Earl Deserves a Lover (The Rules of Scoundrels, #2)",104.0,2013,4.03,29368.0
78,388,"Beastly (Beastly, #1; Kendra Chronicles, #1)",195.0,2007,3.83,174950.0
79,389,"Marrying Winterborne (The Ravenels, #2)",68.0,2016,4.11,35087.0
80,390,"The Dating Plan (Marriage Game, #2)",196.0,2021,3.66,34929.0
81,392,"Dreaming of You (The Gamblers of Craven's, #2)",68.0,1994,4.18,40674.0
82,393,"Crescendo (Hush, Hush, #2)",65.0,2010,4.0,307676.0
83,394,"A Kingdom of Dreams (Westmoreland, #1)",198.0,1989,4.21,50780.0
84,395,"Devil in Spring (The Ravenels, #3)",68.0,2017,4.09,34046.0
85,396,Nights in Rodanthe (Paperback),14.0,2002,3.84,164417.0
86,397,"Dance Upon the Air (Three Sisters Island, #1)",93.0,2001,4.2,68172.0
87,398,"The Distance Between Us (Old Town Shops, #1)",199.0,2013,3.92,75238.0
88,400,"Lover Avenged (Black Dagger Brotherhood, #7)",42.0,2009,4.36,111849.0
89,401,"The Wedding Party (The Wedding Date, #3)",38.0,2019,3.78,44329.0
90,402,Love Lettering (Paperback),200.0,2019,3.7,39426.0
91,403,"Dash & Lily's Book of Dares (Dash & Lily, #1)",201.0,2010,3.76,90591.0
92,404,"A Night to Surrender (Spindle Cove, #1)",72.0,2011,3.75,24837.0
93,405,The Bookish Life of Nina Hill (Kindle Edition),202.0,2019,3.82,87372.0
94,406,"Below Zero (The STEMinist Novellas, #3)",8.0,2022,3.71,38828.0
95,407,"Born in Fire (Born In Trilogy, #1)",93.0,1994,4.22,71920.0
96,408,"Fantasy Lover (Hunter Legends, #1)",203.0,2002,4.15,90374.0
97,409,"Living Dead in Dallas (Sookie Stackhouse, #2)",99.0,2002,3.96,245842.0
98,410,"Spirit Bound (Vampire Academy, #5)",86.0,2010,4.33,281912.0
99,411,"Beautiful Stranger (Beautiful Bastard, #2)",9.0,2013,4.16,86066.0
100,412,The Undomestic Goddess (Paperback),85.0,2005,3.85,282087.0
101,413,"The Lady's Guide to Celestial Mechanics (Feminine Pursuits, #1)",204.0,2019,4.04,9945.0
102,414,To Kill a Kingdom (Hardcover),300.0,2018,3.8,136587.0
103,415,"The Coincidence of Callie & Kayden (The Coincidence, #1)",206.0,2012,4.17,114624.0
104,416,To Kill a Kingdom (Hardcover),205.0,2018,3.8,136587.0
105,418,"The Iron King (The Iron Fey, #1)",207.0,2010,3.88,207758.0
106,419,Dial A for Aunties (Aunties #1),208.0,2021,3.76,58738.0
107,420,North and South (Paperback),209.0,1854,4.14,158995.0
108,421,The Rescue (Paperback),300.0,2000,4.12,190495.0
109,423,The Bodyguard (Hardcover),210.0,2022,4.13,46261.0
110,424,Uprooted (Hardcover),211.0,2015,4.05,209681.0
111,425,"Linger (The Wolves of Mercy Falls, #2)",300.0,2010,3.88,164873.0
112,426,"The Secret Diaries of Miss Miranda Cheever (Bevelstoke, #1)",20.0,2007,3.89,40314.0
113,427,Atonement (Paperback),212.0,2001,3.92,485925.0
114,428,"The Unbecoming of Mara Dyer (Mara Dyer, #1)",213.0,2011,4.03,168341.0
115,429,"Last Sacrifice (Vampire Academy, #6)",86.0,2010,4.37,275495.0
116,432,"Shadow of Night (All Souls, #2)",71.0,2012,4.07,219870.0
117,433,"The Governess Affair (Brothers Sinister, #0.5)",113.0,2012,3.85,17261.0
118,434,The Guardian (Paperback),300.0,2003,4.16,172815.0
119,435,The Longest Ride (Hardcover),14.0,2012,4.16,127530.0
120,437,"Lover Mine (Black Dagger Brotherhood, #8)",42.0,2010,4.39,109537.0
121,439,"Royally Screwed (Royally, #1)",106.0,2016,4.01,42073.0
122,440,"Never Too Far (Rosemary Beach, #2; Too Far, #2)",124.0,2013,4.17,119168.0
123,441,"Losing Hope (Hopeless, #2)",7.0,2013,4.29,135445.0
124,442,"Crossed (Matched, #2)",64.0,2011,3.52,234069.0
125,443,"After We Collided (After, #2)",102.0,2013,3.73,163476.0
126,444,Daisy Jones & The Six (Hardcover),18.0,2019,4.24,740691.0
127,445,"Broken Prince (The Royals, #2)",96.0,2016,4.0,85058.0
128,446,Making Faces (ebook),300.0,2013,4.3,69574.0
129,447,"Alex, Approximately (Hardcover)",216.0,2017,3.98,44969.0
130,448,"These Broken Stars (Starbound, #1)",217.0,2013,3.9,68276.0
131,449,The Sea of Tranquility (Kindle Edition),218.0,2012,4.3,83835.0
132,450,"The Secret (Highlands' Lairds, #1)",171.0,1992,4.25,49646.0
133,451,"Grey (Fifty Shades as Told by Christian, #1)",10.0,2015,3.81,167773.0
134,452,"American Royals (American Royals, #1)",219.0,2019,3.84,94008.0
135,453,"When Beauty Tamed the Beast (Fairy Tales, #2)",220.0,2011,4.06,27254.0
136,454,"The Royal We (Royal We, #1)",221.0,2015,3.81,61552.0
137,455,"Virgin River (Virgin River, #1)",222.0,2007,4.02,61829.0
138,456,The Upside of Falling (Hardcover),223.0,2020,3.65,63660.0
139,457,Like Water for Chocolate (Paperback),224.0,1989,3.95,347670.0
140,458,P.S. I Like You (Hardcover),199.0,2016,4.05,54335.0
141,459,"Say Yes to the Marquess (Castles Ever After, #2)",72.0,2014,3.83,21080.0
142,460,Instructions for Dancing (Kindle Edition),300.0,2021,4.02,37962.0
143,461,Autoboyography (Hardcover),9.0,2017,4.18,47602.0
144,463,Something to Talk About (Paperback),225.0,2020,3.66,19263.0
145,464,"Tools of Engagement (Hot & Hammered, #3)",31.0,2020,3.79,36814.0
146,465,"A Breath of Snow and Ashes (Outlander, #6)",13.0,2005,4.43,163691.0
147,466,"Rule (Marked Men, #1)",226.0,2012,4.12,97511.0
148,467,"The Upside of Unrequited (Simonverse, #2)",40.0,2017,3.91,72060.0
149,468,"Edenbrooke (Edenbrooke, #1)",300.0,2012,4.32,47990.0
150,469,"Night Pleasures (Dark-Hunter, #1)",203.0,2002,4.19,77021.0
151,471,Things You Save in a Fire (Hardcover),210.0,2019,4.02,92697.0
152,472,"Pandemonium (Delirium, #2)",73.0,2012,4.04,231558.0
153,473,"Evermore (The Immortals, #1)",228.0,2009,3.59,282408.0
154,474,"The Rose & the Dagger (The Wrath and the Dawn, #2)",77.0,2016,4.06,85841.0
155,476,"Blue Dahlia (In the Garden, #1)",300.0,2004,4.12,70356.0
156,477,Credence (Paperback),46.0,2020,3.68,102715.0
157,478,The Grand Sophy (Paperback),229.0,1950,4.15,30755.0
158,479,I Kissed Shara Wheeler (Hardcover),2.0,2022,4.07,36892.0
159,481,"The Darkest Night (Lords of the Underworld, #1)",230.0,2008,4.05,82413.0
160,482,"Mystery Man (Dream Man, #1)",231.0,2011,4.21,70047.0
161,483,"Only When It's Us (Bergman Brothers, #1)",232.0,2020,4.01,26179.0
162,484,Window Shopping (ebook),300.0,2021,3.67,39346.0
163,486,"Burn for Me (Hidden Legacy, #1)",233.0,2014,4.32,53398.0
164,487,"Rules of Attraction (Perfect Chemistry, #2)",63.0,2010,4.18,86658.0
165,488,"Opal (Lux, #3)",55.0,2012,4.26,143863.0
166,490,"Again the Magic (Wallflowers, #0)",68.0,2004,4.05,38636.0
167,491,"Ten Tiny Breaths (Ten Tiny Breaths, #1)",101.0,2012,4.1,76134.0
168,492,"Dead to the World (Sookie Stackhouse, #4)",99.0,2004,4.12,253637.0
169,493,You've Reached Sam (Hardcover),235.0,2021,3.77,52535.0
170,494,The Fill-In Boyfriend (Paperback),199.0,2015,3.9,61519.0
171,495,How to Fail at Flirting (Paperback),236.0,2020,3.82,24275.0
172,496,"Club Dead (Sookie Stackhouse, #3)",99.0,2003,4.01,230201.0
173,498,Lovely War (Hardcover),238.0,2019,4.25,44230.0
174,500,"Any Duchess Will Do (Spindle Cove, #4)",72.0,2013,4.04,23816.0
175,501,"Any Duchess Will Do (Spindle Cove, #4)",72.0,2013,4.04,23816.0
176,503,Something Wilder (Hardcover),9.0,2022,3.74,42112.0
177,504,"The Bronze Horseman (The Bronze Horseman, #1)",239.0,2000,4.3,78595.0
178,505,Love in the Time of Cholera (Paperback),240.0,1985,3.93,466520.0
179,506,"Life's Too Short (The Friend Zone, #3)",90.0,2021,4.21,53005.0
180,508,"The Heiress Effect (Brothers Sinister, #2)",113.0,2013,3.91,14403.0
181,509,"Sugar Daddy (Travises, #1)",68.0,2007,4.01,42517.0
182,510,An Enchantment of Ravens (Hardcover),300.0,2017,3.65,73870.0
183,511,Weather Girl (Paperback),88.0,2022,3.69,25101.0
184,512,"A Promise of Fire (Kingmaker Chronicles, #1)",242.0,2016,4.04,32350.0
185,514,"The Gamble (Colorado Mountain, #1)",231.0,2011,4.26,57504.0
186,516,Part of Your World (Paperback),90.0,2022,4.41,54863.0
187,517,"Kingdom of Ash (Throne of Glass, #7)",15.0,2018,4.62,261600.0
188,518,"Tower of Dawn (Throne of Glass, #6)",15.0,2017,4.28,246170.0
189,519,"Days of Blood & Starlight (Daughter of Smoke & Bone, #2)",70.0,2012,4.14,156341.0
190,520,Ayesha at Last (Paperback),244.0,2018,3.89,21810.0
191,521,"Real (Real, #1)",245.0,2013,4.16,106565.0
192,522,"The ​Crown of Gilded Bones (Blood and Ash, #3)",55.0,2021,4.23,160403.0
193,523,"The Rogue Not Taken (Scandal & Scoundrel, #1)",104.0,2015,3.95,21806.0
194,524,"Do You Want to Start a Scandal (Spindle Cove, #5; Castles Ever After, #4)",72.0,2016,4.07,18892.0
195,525,Remember Me? (Hardcover),85.0,2008,3.8,240254.0
196,526,"Kiss the Sky (Calloway Sisters, #1)",111.0,2014,4.29,47515.0
197,528,"Grave Mercy (His Fair Assassin, #1)",246.0,2012,3.89,104570.0
198,529,"Crazy Stupid Bromance (Bromance Book Club, #3)",300.0,2020,3.91,25807.0
199,531,"Cemetery Boys (Cemetery Boys, #1)",247.0,2020,4.33,63034.0
200,532,"Pucked (Pucked, #1)",169.0,2015,3.92,58892.0
201,533,"Strange the Dreamer (Strange the Dreamer, #1)",70.0,2017,4.28,107451.0
202,534,Redeeming Love (Paperback),248.0,1991,4.5,273997.0
203,535,"Royal Holiday (The Wedding Date, #4)",38.0,2019,3.5,35927.0
204,536,"Ella Enchanted (Ella Enchanted, #1)",249.0,1997,3.99,403722.0
205,537,Bossman (Kindle Edition),250.0,2016,4.16,63756.0
206,538,"The Hook Up (Game On, #1)",251.0,2014,3.97,53050.0
207,539,"Still Me (Me Before You, #3)",11.0,2018,4.12,181067.0
208,540,"Warm Bodies (Warm Bodies, #1)",252.0,2010,3.91,102702.0
209,541,"Lover Unleashed (Black Dagger Brotherhood, #9)",300.0,2011,4.27,90350.0
210,542,Marriage for One (Kindle Edition),192.0,2019,3.93,60911.0
211,543,Emergency Contact (Hardcover),253.0,2018,3.67,38653.0
212,544,"Wicked and the Wallflower (The Bareknuckle Bastards, #1)",104.0,2018,3.98,17089.0
213,545,"One Foot in the Grave (Night Huntress, #2)",141.0,2008,4.29,101508.0
214,546,"Never Seduce a Scot (The Montgomerys and Armstrongs, #1)",254.0,2012,4.15,31542.0
215,547,"Captivated by You (Crossfire, #4)",36.0,2014,4.12,104998.0
216,548,The Dead Romantics (Paperback),175.0,2022,4.1,27054.0
217,549,"The Last Boyfriend (Inn BoonsBoro Trilogy, #2)",93.0,2012,4.08,46691.0
218,550,Forbidden (Paperback),255.0,2010,4.0,67402.0
219,551,By Your Side (Paperback),199.0,2017,3.86,47582.0
220,553,The Witness (Paperback),93.0,2012,4.22,75491.0
221,554,"Howl’s Moving Castle (Howl’s Moving Castle, #1)",256.0,1986,4.28,284025.0
222,555,"Dragon Bound (Elder Races, #1)",257.0,2011,4.08,48193.0
223,556,"Match Me If You Can (Chicago Stars, #6)",163.0,2005,4.13,45324.0
224,559,The Thorn Birds (Mass Market Paperback),300.0,1977,4.24,336478.0
225,560,"Torment (Fallen, #2)",95.0,2010,3.85,226778.0
226,561,The Roughest Draft (Paperback),259.0,2022,3.67,26355.0
227,562,"Under the Never Sky (Under the Never Sky, #1)",260.0,2011,3.99,113454.0
228,563,"A Night Like This (Smythe-Smith Quartet, #2)",20.0,2012,3.87,26914.0
229,564,"Beard Science (Winston Brothers, #3)",118.0,2016,4.41,31256.0
230,565,RoomHate (Paperback),261.0,2016,3.9,59673.0
231,566,"Never Never (Never Never, #1)",7.0,2015,4.02,86589.0
232,567,The Sky Is Everywhere (Hardcover),161.0,2010,3.97,102011.0
233,568,"Key of Light (Key Trilogy, #1)",93.0,2003,4.17,59041.0
234,569,"Dating Dr. Dil (If Shakespeare was an Auntie, #1)",262.0,2022,3.73,29881.0
235,570,"Lady Midnight (The Dark Artifices, #1)",37.0,2016,4.37,209164.0
236,572,Stuck-Up Suit (ebook),250.0,2016,4.1,65530.0
237,573,"Finding Cinderella (Hopeless, #2.5)",7.0,2013,4.16,87058.0
238,574,"Dark Witch (The Cousins O'Dwyer Trilogy, #1)",93.0,2013,3.95,60592.0
239,576,"Perfection (Neighbor from Hell, #2)",117.0,2011,4.13,64231.0
240,577,"Rubinrot (Edelstein-Trilogie, #1)",263.0,2009,4.12,138597.0
241,578,Luna and the Lie (ebook),35.0,2018,4.1,43382.0
242,579,"Portrait of a Scotsman (A League of Extraordinary Women, #3)",57.0,2021,3.88,22701.0
243,580,"Bound by Honor (Born in Blood Mafia Chronicles, #1)",264.0,2014,3.87,77006.0
244,581,One Plus One (Paperback),11.0,2014,3.95,162582.0
245,582,"A Knight in Shining Armor (Montgomery/Taggert Family, #13)",265.0,1989,4.2,35480.0
246,583,"Ten Ways to Be Adored When Landing a Lord (Love By Numbers, #2)",104.0,2010,3.88,24842.0
247,584,"Smooth Talking Stranger (Travises, #3)",68.0,2009,4.14,39342.0
248,585,The Two Lives of Lydia Bird (Hardcover),62.0,2020,3.76,56854.0
249,586,"The Perfect Hope (Inn Boonsboro Trilogy, #3)",93.0,2012,4.17,43739.0
250,587,"Once Burned (Night Prince, #1)",141.0,2012,4.2,66290.0
251,588,My Killer Vacation (ebook),31.0,2022,3.83,47186.0
252,590,"Tears of the Moon (Gallaghers of Ardmore, #2)",93.0,2000,4.19,33160.0
253,591,"Heaven and Earth (Three Sisters Island, #2)",93.0,2001,4.14,40486.0
254,592,"The Trouble with Hating You (The Trouble with Hating You, #1)",266.0,2020,3.83,19351.0
255,593,"Cry Wolf (Alpha & Omega, #1)",267.0,2008,4.12,97790.0
256,594,"An Echo in the Bone (Outlander, #7)",13.0,2009,4.43,139381.0
257,595,Don't You Forget About Me (Kindle Edition),119.0,2019,3.87,40746.0
258,596,"Will Grayson, Will Grayson (Hardcover)",1.0,2010,3.72,378446.0
259,597,"The Air He Breathes (Elements, #1)",268.0,2015,4.17,57678.0
260,598,"Breathe (Sea Breeze, #1)",124.0,2011,3.85,82311.0
261,599,"Natural Born Charmer (Chicago Stars, #7)",163.0,2007,4.15,35013.0
0,601,"A Kiss at Midnight (Fairy Tales, #1)",220.0,2010,3.8,19209.0
1,602,"The American Roommate Experiment (Spanish Love Deception, #2)",22.0,2022,4.01,23341.0
2,604,Tell Me Three Things (Hardcover),269.0,2016,4.05,70824.0
3,605,"The Princess Diaries (The Princess Diaries, #1)",270.0,2000,3.8,247084.0
4,606,"A Lot like Love (FBI/US Attorney, #2)",168.0,2011,4.07,31866.0
5,607,Lock and Key (Hardcover),153.0,2008,4.0,147313.0
6,608,"Rock Chick (Rock Chick, #1)",231.0,2008,4.17,56208.0
7,610,"Flock (The Ravenhood, #1)",272.0,2020,4.14,65945.0
8,611,"The Countess Conspiracy (Brothers Sinister, #3)",113.0,2013,3.92,11711.0
9,612,The Light We Lost (Hardcover),273.0,2017,3.87,131246.0
10,613,"Born in Ice (Born In Trilogy, #2)",93.0,1995,4.16,36638.0
11,615,"A Lady by Midnight (Spindle Cove, #3)",72.0,2012,3.87,18785.0
12,616,"All the Feels (Spoiler Alert, #2)",83.0,2021,3.92,15136.0
13,617,Dating You / Hating You (Paperback),9.0,2017,3.63,27840.0
14,618,Practice Makes Perfect (Mass Market Paperback),168.0,2009,3.96,31107.0
15,620,"Twisted Palace (The Royals, #3)",96.0,2016,3.93,67980.0
16,621,"Fire (Graceling Realm, #2)",94.0,2009,4.1,177298.0
17,623,Before We Were Strangers (Paperback),274.0,2015,4.21,55835.0
18,624,"Dead as a Doornail (Sookie Stackhouse, #5)",292.0,2005,4.0,212808.0
19,625,Dear Aaron (Kindle Edition),35.0,2017,3.95,40646.0
20,627,"Sorcery of Thorns (Sorcery of Thorns, #1)",241.0,2019,4.08,96114.0
21,628,The Problem with Forever (Hardcover),55.0,2016,4.0,52500.0
22,629,"Face the Fire (Three Sisters Island, #3)",93.0,2002,4.15,39714.0
23,630,"Boyfriend Material (London Calling, #1)",80.0,2020,4.09,81106.0
24,633,"The Wisteria Society of Lady Scoundrels (Dangerous Damsels, #1)",276.0,2021,3.74,15428.0
25,634,"Moon Called (Mercy Thompson, #1)",267.0,2006,4.14,196203.0
26,635,After I Do (Paperback),18.0,2014,3.99,74312.0
27,636,"In Bed with a Highlander (McCabe Trilogy, #1)",254.0,2011,3.98,33404.0
28,638,"Hello Stranger (The Ravenels, #4)",68.0,2018,4.06,23454.0
29,639,"Lover Reborn (Black Dagger Brotherhood, #10)",42.0,2012,4.33,80075.0
30,640,"Rush (Breathless, #1)",254.0,2013,3.91,75310.0
31,641,"Priest (Priest, #1)",277.0,2015,3.76,58593.0
32,642,"Forever (The Wolves of Mercy Falls, #3)",292.0,2011,3.89,120152.0
33,643,"The Bookshop on the Corner (Scottish Bookshop, #1)",278.0,2016,3.84,73591.0
34,644,Layla (Kindle Edition),7.0,2020,3.75,198655.0
35,645,The No-Show (Paperback),23.0,2022,3.9,35240.0
36,647,"After We Fell (After, #3)",102.0,2014,3.83,125212.0
37,648,"Across the Universe (Across the Universe, #1)",279.0,2011,3.77,117352.0
38,649,Funny You Should Ask (Paperback),292.0,2022,3.78,43861.0
39,650,"Dreams of Gods & Monsters (Daughter of Smoke & Bone, #3)",70.0,2014,4.13,102978.0
40,651,"Idol (VIP, #1)",251.0,2016,4.0,33894.0
41,652,"A Deal with the Elf King (Married to Magic, #1)",281.0,2020,3.77,61780.0
42,653,"Rising Tides (Chesapeake Bay Saga, #2)",292.0,1998,4.16,32651.0
43,655,"True Believer (Jeremy Marsh & Lexie Darnell, #1)",14.0,2003,3.81,84084.0
44,656,"If the Shoe Fits (Meant to Be, #1)",283.0,2021,4.02,24503.0
45,658,"Terms and Conditions  (Dreamland Billionaires, #2)",127.0,2022,4.27,78931.0
46,659,A Pho Love Story (Hardcover),284.0,2021,3.71,15200.0
47,660,"Devil's Daughter (The Ravenels, #5)",292.0,2019,4.15,23397.0
48,663,"A Wallflower Christmas (Wallflowers, #4.5)",68.0,2008,3.87,24035.0
49,664,Eliza and Her Monsters (Hardcover),286.0,2017,4.16,60125.0
50,666,"The Boyfriend Project (The Boyfriend Project, #1)",287.0,2020,3.58,14233.0
51,667,"Crooked Kingdom (Six of Crows, #2)",78.0,2016,4.61,477098.0
52,671,"Origin (Lux, #4)",55.0,2013,4.34,106214.0
53,673,"Eleven Scandals to Start to Win a Duke's Heart (Love By Numbers, #3)",104.0,2011,4.0,26960.0
54,674,"No Good Duke Goes Unpunished (The Rules of Scoundrels, #3)",292.0,2013,3.86,20338.0
55,675,"Heart of the Sea (Gallaghers of Ardmore, #3)",93.0,2000,4.15,30801.0
56,676,Hani and Ishu's Guide to Fake Dating (Kindle Edition),290.0,2021,4.15,21328.0
57,677,"The Book of Life (All Souls, #3)",71.0,2014,4.19,171986.0
58,678,"Unearthly (Unearthly, #1)",291.0,2011,4.01,126498.0
59,679,Holding Up the Universe (Hardcover),66.0,2016,3.76,105375.0
60,680,"Never Judge a Lady by Her Cover (The Rules of Scoundrels, #4)",104.0,2014,3.96,19315.0
61,681,"Visions of Heat (Psy-Changeling, #2)",151.0,2007,4.08,38315.0
62,682,"Definitely Dead (Sookie Stackhouse, #6)",99.0,2006,4.01,198979.0
63,683,"The Girl with the Make-Believe Husband (Rokesbys, #2)",20.0,2017,3.94,31086.0
64,684,The Song of Achilles (Paperback),32.0,2011,4.38,950167.0
65,685,"Illuminae (The Illuminae Files, #1)",217.0,2015,4.25,141918.0
66,686,"Morrigan's Cross (Circle Trilogy, #1)",93.0,2006,4.14,52998.0
67,687,"Born in Shame (Born In Trilogy, #3)",93.0,1996,4.1,34165.0
68,688,"Red Lily (In the Garden, #3)",93.0,2005,4.08,38459.0
69,690,"The Play (Briar U, #3)",21.0,2019,4.07,59152.0
70,691,"The Raven Prince (Princes Trilogy, #1)",293.0,2006,3.95,22313.0
71,692,Midnight Sun [2008 Draft] (ebook),3.0,2008,4.01,149452.0
72,693,"China Rich Girlfriend (Crazy Rich Asians, #2)",67.0,2015,3.84,188682.0
73,694,"Always Only You (Bergman Brothers, #2)",232.0,2020,4.05,24067.0
74,695,"Kiss of the Highlander (Highlander, #4)",156.0,2001,4.3,41767.0
75,696,This Time Next Year (Kindle Edition),294.0,2020,3.85,71158.0
76,697,"Throttled (Dirty Air, #1)",127.0,2020,3.88,67884.0
77,698,"Tokyo Ever After (Tokyo Ever After, #1)",295.0,2021,3.96,31215.0
78,699,"Pretty Reckless (All Saints High, #1)",132.0,2019,4.12,56819.0
79,700,"Ten Things I Love About You (Bevelstoke, #3)",20.0,2010,3.99,24867.0
80,701,Stepbrother Dearest (Paperback),261.0,2014,4.06,66152.0
81,702,"Heaven, Texas (Chicago Stars, #2)",163.0,1995,4.05,33014.0
82,703,"Backstage Pass (Sinners on Tour, #1)",296.0,2010,4.0,60233.0
83,704,"Wicked Lovely (Wicked Lovely, #1)",297.0,2007,3.69,162190.0
84,705,"Kingdom of the Wicked (Kingdom of the Wicked, #1)",298.0,2020,3.96,148866.0
85,706,"Lead (Stage Dive, #3)",159.0,2014,4.28,47155.0
86,707,"Down London Road (On Dublin Street, #2)",61.0,2013,4.21,52006.0
87,708,"Wicked Intentions (Maiden Lane, #1)",293.0,2010,3.82,18073.0
88,709,Hate Notes (Kindle Edition),250.0,2018,4.14,63594.0
89,710,Since You've Been Gone (Hardcover),214.0,2014,4.09,109598.0
90,711,"Reached (Matched, #3)",64.0,2012,3.55,157531.0
91,712,"Key of Knowledge (Key Trilogy, #2)",93.0,2003,4.12,36506.0
92,713,The Last Letter from Your Lover (Paperback),11.0,2008,3.99,109017.0
93,714,"Welcome to Temptation (Dempseys, #1)",114.0,2000,3.94,33011.0
94,715,"The Maddest Obsession (Made, #2)",149.0,2019,4.31,85902.0
95,716,"White Hot (Hidden Legacy, #2)",233.0,2017,4.47,38726.0
96,717,"The Tourist Attraction (Moose Springs, Alaska #1)",299.0,2020,3.56,24886.0
97,718,"Chasing Cassandra (The Ravenels, #6)",68.0,2020,4.14,24023.0
98,719,Starry Eyes (Hardcover),216.0,2018,4.01,26572.0
99,720,Mr. Wrong Number (Kindle Edition),178.0,2022,3.75,30262.0
100,721,"Finale (Hush, Hush, #4)",65.0,2012,4.14,163162.0
101,722,Flipped (Paperback),300.0,2001,3.97,109473.0
102,723,"Things We Never Got Over (Knockemout, #1)",301.0,2022,4.29,175869.0
103,724,"Act Like It (London Celebrities, #1)",302.0,2015,3.87,10804.0
104,725,A Room with a View (Paperback),303.0,1908,3.9,169459.0
105,728,"Prodigy (Legend, #2)",150.0,2013,4.24,241293.0
106,729,"Grin and Beard It (Winston Brothers, #2)",118.0,2016,4.14,27092.0
107,731,Eligible: A Modern Retelling of Pride & Prejudice (Hardcover),305.0,2016,3.6,83519.0
108,732,"All Together Dead (Sookie Stackhouse, #7)",99.0,2007,4.05,195863.0
109,733,"The Iron Duke (Iron Seas, #1)",306.0,2010,3.84,16737.0
110,734,"Key of Valor (Key Trilogy, #3)",93.0,2003,4.13,36182.0
111,735,"Before Jamaica Lane (On Dublin Street, #3)",61.0,2014,4.3,42069.0
112,736,"Whitney, My Love (Westmoreland, #2)",198.0,1985,4.13,34654.0
113,737,"Forever Too Far (Rosemary Beach, #3; Too Far, #3)",124.0,2013,4.21,84454.0
114,738,"Bloodfever (Fever, #2)",156.0,2007,4.25,103842.0
115,739,"Isn't It Bromantic? (Bromance Book Club, #4)",43.0,2021,4.07,20046.0
116,740,"Lover at Last (Black Dagger Brotherhood, #11)",292.0,2013,4.3,67563.0
117,741,"On the Fence (Old Town Shops, #2)",199.0,2014,4.03,57713.0
118,742,"No Rest for the Wicked (Immortals After Dark, #2)",185.0,2006,4.27,56303.0
119,743,"The Assassin's Blade (Throne of Glass, #0.1-0.5)",15.0,2014,4.33,255753.0
120,744,Beauty: A Retelling of the Story of Beauty and the Beast (Paperback),307.0,1978,4.05,77679.0
121,745,"This Is What Happy Looks Like (This is What Happy Looks Like, #1)",139.0,2013,3.67,50009.0
122,746,My True Love Gave to Me: Twelve Holiday Stories (Hardcover),24.0,2014,3.67,39069.0
123,747,"Well Matched (Well Met, #3)",308.0,2021,3.87,18109.0
124,748,"Someone to Watch Over Me (Bow Street Runners, #1)",52.0,1998,3.77,21345.0
125,749,"This Heart of Mine (Chicago Stars, #5)",68.0,2001,4.09,30843.0
126,751,The Henna Wars (Hardcover),292.0,2020,4.0,20281.0
127,752,"At Grave's End (Night Huntress, #3)",292.0,2008,4.29,87401.0
128,753,"Chesapeake Blue (Chesapeake Bay Saga, #4)",93.0,2002,4.19,33157.0
129,754,"While We Were Dating (The Wedding Date, #6)",38.0,2021,3.76,29416.0
130,755,"Seduction and Snacks (Chocolate Lovers, #1)",309.0,2012,4.07,52342.0
131,756,"The Risk (Mindf*ck, #1)",310.0,2016,4.29,73865.0
132,757,Felix Ever After (Hardcover),311.0,2020,4.32,47296.0
133,758,Egomaniac (Paperback),250.0,2017,4.22,44747.0
134,759,"Be with Me (Wait for You, #2)",55.0,2014,4.12,46763.0
135,760,"The Warlord Wants Forever (Immortals After Dark, #0.5)",292.0,2006,4.04,58997.0
136,761,"Magic Bites (Kate Daniels, #1)",233.0,2007,4.05,117960.0
137,762,"The Lost Duke of Wyndham (Two Dukes of Wyndham, #1)",20.0,2008,3.74,22186.0
138,763,"The Year We Fell Down (The Ivy Years, #1)",181.0,2014,3.96,28236.0
139,764,"Beauty and the Mustache (Knitting in the City, #4; Winston Brothers, #0)",118.0,2014,4.21,27550.0
140,768,"After Ever Happy (After, #4)",292.0,2015,3.99,109402.0
141,769,Only Mostly Devastated (Hardcover),313.0,2020,3.99,23451.0
142,770,"On the Edge (The Edge, #1)",233.0,2009,4.04,42672.0
143,771,A Midsummer Night's Dream (Paperback),27.0,1595,3.95,498829.0
144,774,Frederica (Paperback),229.0,1965,4.19,20606.0
145,776,"Love Unscripted (Love, #1)",315.0,2010,4.02,67961.0
146,777,Perfect on Paper (Hardcover),313.0,2021,4.07,21852.0
147,778,"Dead and Gone (Sookie Stackhouse, #9)",99.0,2009,4.01,183547.0
148,779,"From Dead to Worse (Sookie Stackhouse, #8)",99.0,2008,4.01,183532.0
149,780,"At First Sight (Jeremy Marsh & Lexie Darnell, #2)",14.0,2004,3.84,84338.0
150,781,"Pride, Prejudice, and Other Flavors (The Rajes, #1)",316.0,2019,3.69,15208.0
151,782,"Effortless (Thoughtless, #2)",179.0,2011,4.35,115071.0
152,783,"Blood Brothers (Sign of Seven, #1)",93.0,2007,4.16,52509.0
153,784,"Beautiful World, Where Are You (Hardcover)",59.0,2021,3.59,250892.0
154,786,"The Other Miss Bridgerton (Rokesbys, #3)",20.0,2018,4.02,27367.0
155,787,"The Vincent Boys (The Vincent Boys, #1)",124.0,2011,3.95,73664.0
156,788,"Motorcycle Man (Dream Man, #4)",231.0,2012,4.39,55492.0
157,790,"The Wedding (Lairds' Fiancées, #2)",171.0,1995,4.16,33476.0
158,791,"Chain Reaction (Perfect Chemistry, #3)",63.0,2011,4.09,62409.0
159,792,You Should See Me in a Crown (Hardcover),318.0,2020,4.13,36131.0
160,793,You Should See Me in a Crown (Hardcover),318.0,2020,4.13,36131.0
161,794,"I'd Tell You I Love You, But Then I'd Have to Kill You (Gallagher Girls, #1)",319.0,2006,3.83,185180.0
162,795,Would Like to Meet (Kindle Edition),320.0,2019,3.72,19515.0
163,796,"A Kiss for Midwinter (Brothers Sinister, #1.5)",113.0,2012,3.88,9569.0
164,797,"Hearts in Darkness (Hearts in Darkness, #1)",321.0,2011,3.85,36815.0
165,798,The Marriage Game (Paperback),196.0,2020,3.53,14635.0
166,799,"Dreamfever (Fever, #4)",156.0,2009,4.38,98363.0
167,800,"Wolfsong (Green Creek, #1)",148.0,2016,4.36,41622.0
168,801,"Sweet Dreams (Colorado Mountain, #2)",231.0,2011,4.38,47278.0
169,802,"Ransom (Highlands' Lairds, #2)",171.0,1999,4.32,33842.0
170,803,"The Intimacy Experiment (The Shameless Series, #2)",84.0,2021,3.71,15730.0
171,804,"The Dark Highlander (Highlander, #5)",156.0,2002,4.27,36922.0
172,805,"Archangel's Kiss (Guild Hunter, #2)",151.0,2010,4.2,55634.0
173,806,Nick & Norah's Infinite Playlist (Hardcover),201.0,2006,3.7,83459.0
174,807,"The Winner's Crime (The Winner's Trilogy, #2)",154.0,2015,4.1,62529.0
175,809,Northern Lights (Mass Market Paperback),93.0,2004,4.02,43218.0
176,810,Good Girl Complex (Paperback),21.0,2022,3.6,39196.0
177,811,"Devil's Bride (Cynster, #1)",322.0,1998,4.08,20804.0
178,812,"Paradise (Second Opportunities, #1)",198.0,1991,4.3,33238.0
179,813,"The Secret of Ella and Micha (The Secret, #1)",206.0,2012,3.99,70471.0
180,814,"Lore Olympus: Volume One (Lore Olympus, #1)",323.0,2021,4.37,66132.0
181,815,The Girl He Used to Know (Hardcover),190.0,2019,3.96,42169.0
182,816,To Hate Adam Connor (Kindle Edition),292.0,2016,4.09,47460.0
183,817,"Until Friday Night (The Field Party, #1)",124.0,2015,3.92,55583.0
184,818,"Barbarian Alien (Ice Planet Barbarians, #2)",292.0,2015,3.81,42699.0
185,819,Just Last Night (Paperback),119.0,2021,4.04,31666.0
186,820,"To Tame a Highland Warrior (Highlander, #2)",292.0,1999,4.13,33037.0
187,821,"Friends Without Benefits (Knitting in the City, #2)",118.0,2013,3.96,26016.0
188,822,XOXO (ebook),324.0,2021,3.9,16609.0
189,823,The Siren (Paperback),28.0,2009,3.72,76367.0
190,824,"A Scot in the Dark (Scandal & Scoundrel, #2)",104.0,2016,3.74,14277.0
191,825,"Maybe Not (Maybe, #1.5)",7.0,2014,3.86,76362.0
192,826,"Champion (Legend, #3)",150.0,2013,4.33,199846.0
193,827,"I Wish You All the Best (I Wish You All the Best, #1)",325.0,2019,4.2,35376.0
194,829,"One with You (Crossfire, #5)",292.0,2016,4.12,68873.0
195,830,"The Suffragette Scandal (Brothers Sinister, #4)",113.0,2014,4.06,8335.0
196,831,Turtles All the Way Down (Hardcover),1.0,2017,3.91,475614.0
197,832,Fangirl (Kindle Edition),12.0,2013,3.98,695972.0
198,833,The Wedding Crasher (Paperback),292.0,2022,3.78,15266.0
199,834,"Desperate Measures (Wicked Villains, #1)",81.0,2019,3.55,27506.0
200,836,"Pleasure Unbound (Demonica, #1)",326.0,2008,4.04,53139.0
201,837,"Night Embrace (Dark-Hunter, #2)",203.0,2003,4.23,58839.0
202,838,Love From A to Z (Kindle Edition),327.0,2019,4.16,15600.0
203,839,"Wicked Deeds on a Winter's Night (Immortals After Dark, #3)",185.0,2007,4.34,53529.0
204,840,"Payback's a Witch (The Witches of Thistle Grove, #1)",328.0,2021,3.69,15882.0
205,841,"Flat-Out Love (Flat-Out Love, #1)",329.0,2011,3.99,58622.0
206,842,"Wildfire (Hidden Legacy, #3)",233.0,2017,4.5,34237.0
207,843,"The Dare (Briar U, #4)",292.0,2020,3.8,50684.0
208,844,"In Flight (Up in the Air, #1)",330.0,2012,4.08,76825.0
209,845,"It Starts with Us (It Ends with Us, #2)",7.0,2022,4.64,3988.0
210,846,"Dance with the Devil (Dark-Hunter, #3)",203.0,2003,4.37,64073.0
211,849,"Girl Gone Viral (Modern Love, #2)",170.0,2020,3.72,10713.0
212,850,"The Inheritance Games (The Inheritance Games, #1)",292.0,2020,4.23,266372.0
213,851,"About That Night (FBI/US Attorney, #3)",168.0,2012,4.04,24376.0
214,852,"The Boy Next Door (Boy, #1)",270.0,2002,3.82,66285.0
215,853,"The Other Boleyn Girl (The Plantagenet and Tudor Novels, #9)",333.0,2001,4.07,482030.0
216,854,"The Other Boleyn Girl (The Plantagenet and Tudor Novels, #9)",333.0,2001,4.07,482030.0
217,856,"Managed (VIP, #2)",251.0,2016,4.26,31104.0
218,857,The Bridges of Madison County (Mass Market Paperback),335.0,1992,3.66,89660.0
219,858,I Owe You One (Hardcover),292.0,2019,3.54,65966.0
220,860,"Knight (Unfinished Hero, #1)",231.0,2012,3.92,53672.0
221,862,"Kiss of Midnight (Midnight Breed,  #1)",337.0,2007,3.92,64186.0
222,865,"The Winter King (Weathermages of Mystral, #1)",340.0,2014,4.07,18752.0
223,867,Frankly in Love (Hardcover),342.0,2019,3.75,26164.0
224,868,"Royals (Royals, #1)",288.0,2018,3.77,22774.0
225,869,The Prince and the Dressmaker (Paperback),343.0,2018,4.37,87981.0
226,870,"White Hot Kiss (The Dark Elements, #1)",55.0,2014,4.2,71136.0
227,871,"Reaper's Property (Reapers MC, #1)",292.0,2013,4.08,57251.0
228,872,"The Immortal Highlander (Highlander, #6)",156.0,2004,4.3,35973.0
229,873,"The Highlander's Touch (Highlander, #3)",156.0,2000,4.13,31955.0
230,874,"A Marvellous Light (The Last Binding, #1)",345.0,2021,4.03,16806.0
231,875,"Opposition (Lux, #5)",55.0,2014,4.35,78823.0
232,876,"Twisted Perfection (Rosemary Beach, #5; Perfection, #1)",124.0,2013,4.23,66094.0
233,877,Boy Meets Boy (Paperback),137.0,2003,3.82,72807.0
234,878,"Checkmate (Neighbor from Hell, #3)",117.0,2012,4.13,47848.0
235,879,"Law Man (Dream Man, #3)",231.0,2012,4.3,43965.0
236,881,"Hang the Moon (Written in the Stars, #2)",110.0,2021,3.86,10989.0
237,882,Venetia (Paperback),229.0,1958,4.11,16407.0
238,884,Cotillion (Paperback),229.0,1953,4.08,15398.0
239,885,"Reason to Breathe (Breathing, #1)",346.0,2011,4.21,90348.0
240,886,"Dead in the Family (Sookie Stackhouse, #10)",99.0,2010,3.89,158836.0
241,887,"Splendid (The Splendid Trilogy, #1)",292.0,1995,3.88,21984.0
242,888,"Daughter of the Forest  (Sevenwaters, #1)",292.0,1999,4.27,61061.0
243,889,Brutal Prince (Brutal Birthright #1),348.0,2020,3.9,59077.0
244,890,"Destined for an Early Grave (Night Huntress, #4)",141.0,2009,4.32,83078.0
245,892,"Deep (Stage Dive, #4)",159.0,2015,4.03,38619.0
246,893,Carolina Moon (Mass Market Paperback),93.0,2000,4.07,43099.0
247,894,Counting Down with You (Hardcover),350.0,2021,4.09,15123.0
248,895,Pride (ebook),351.0,2018,3.75,25057.0
249,896,"Ricochet (Addicted, #2)",111.0,2013,3.88,48742.0
250,897,Love & Other Disasters (Kindle Edition),352.0,2022,3.87,11166.0
251,898,"The Secrets of Sir Richard Kenworthy (Smythe-Smith Quartet, #4)",20.0,2015,3.66,18785.0
252,899,"Dark Prince (Dark, #1)",353.0,1999,3.99,55659.0
0,1200,Never Let Me Go (Paperback),288.0,2005,3.84,593231.0
1,1201,Tess of the D’Urbervilles (Paperback),406.0,1891,3.82,264435.0
2,1203,"Kiss of Steel (London Steampunk, #1)",446.0,2012,3.86,12266.0
3,1204,"A Great and Terrible Beauty (Gemma Doyle, #1)",288.0,2003,3.79,219739.0
4,1205,"Things We Never Got Over (Knockemout, #1)",288.0,2022,4.29,175869.0
5,1207,"Minx (The Splendid Trilogy, #3)",20.0,1996,3.86,16764.0
6,1208,"Restore Me (Shatter Me, #4)",58.0,2018,4.17,116386.0
7,1209,Sparrow (Kindle Edition),132.0,2016,4.08,48585.0
8,1210,"Captive in the Dark (The Dark Duet, #1)",288.0,2011,3.96,69921.0
9,1211,"Perfect (Second Opportunities, #2)",198.0,1993,4.3,23473.0
10,1213,"Trade Me (Cyclone, #1)",113.0,2015,3.75,5305.0
11,1214,"Covet (Fallen Angels, #1)",42.0,2009,3.91,49252.0
12,1215,"The Iron Queen (The Iron Fey, #3)",207.0,2011,4.2,104266.0
13,1216,"Hunting Ground (Alpha & Omega, #2)",267.0,2009,4.27,66592.0
14,1217,"Immortal in Death (In Death, #3)",191.0,1996,4.28,51583.0
15,1218,"Finale (Caraval, #3)",133.0,2019,4.21,96804.0
16,1219,"Never Never: Part Two (Never Never, #2)",7.0,2015,4.01,55286.0
17,1220,"The Will (Magdalene, #1)",231.0,2014,4.29,29046.0
18,1221,"Driven (Driven, #1)",449.0,2013,4.26,59370.0
19,1223,"Polaris Rising (Consortium Rebellion, #1)",450.0,2019,3.92,10458.0
20,1224,"The Sweetest Thing (Lucky Harbor, #2)",275.0,2011,4.1,19800.0
21,1225,"Rainshadow Road (Friday Harbor, #2)",68.0,2012,3.87,15510.0
22,1226,"Never Love a Highlander (McCabe Trilogy, #3)",254.0,2011,4.21,25853.0
23,1228,"Hideaway (Devil's Night, #2)",46.0,2017,4.08,58200.0
24,1229,"Dancing at Midnight (The Splendid Trilogy, #2)",288.0,1995,3.77,15464.0
25,1230,"King (King, #1)",451.0,2015,4.17,43994.0
26,1231,"Blameless (Parasol Protectorate, #3)",131.0,2010,3.99,39484.0
27,1232,The Sweet Gum Tree (Paperback),452.0,2005,4.27,29341.0
28,1233,"Magic Slays (Kate Daniels, #5)",233.0,2011,4.4,70852.0
29,1234,"The Duke Who Didn't (Wedgeford Trials, #1)",113.0,2020,3.92,4475.0
30,1235,"The Proposal (The Survivors' Club, #1)",312.0,2012,3.82,11343.0
31,1236,Play of Passion (Psy-Changeling #9),151.0,2010,4.23,27951.0
32,1237,"What I Did for Love (Wynette, Texas, #5)",163.0,2009,3.91,18807.0
33,1238,The Girl You Left Behind (Paperback),11.0,2012,4.01,153951.0
34,1239,"The Heart of Betrayal (The Remnant Chronicles, #2)",288.0,2015,4.22,63608.0
35,1240,"My Favorite Mistake (My Favorite Mistake, #1)",453.0,2012,3.98,55970.0
36,1241,"Barbarian Lover (Ice Planet Barbarians, #3)",164.0,2015,3.9,31023.0
37,1242,"Bombshell (Hell's Belles, #1)",104.0,2021,3.82,8823.0
38,1243,"Silver Borne (Mercy Thompson, #5)",267.0,2010,4.38,102351.0
39,1244,"Happily Ever After (The Selection, #0.4, 0.5, 2.5, 2.6, 3.3)",28.0,2015,4.09,56952.0
40,1245,"Dead Reckoning (Sookie Stackhouse, #11)",99.0,2011,3.8,122829.0
0,1200,Never Let Me Go (Paperback),279.0,2005,3.84,593231.0
1,1201,Tess of the D’Urbervilles (Paperback),406.0,1891,3.82,264435.0
2,1203,"Kiss of Steel (London Steampunk, #1)",446.0,2012,3.86,12266.0
3,1204,"A Great and Terrible Beauty (Gemma Doyle, #1)",279.0,2003,3.79,219739.0
4,1205,"Things We Never Got Over (Knockemout, #1)",279.0,2022,4.29,175869.0
5,1207,"Minx (The Splendid Trilogy, #3)",20.0,1996,3.86,16764.0
6,1208,"Restore Me (Shatter Me, #4)",58.0,2018,4.17,116386.0
7,1209,Sparrow (Kindle Edition),132.0,2016,4.08,48585.0
8,1210,"Captive in the Dark (The Dark Duet, #1)",279.0,2011,3.96,69921.0
9,1211,"Perfect (Second Opportunities, #2)",198.0,1993,4.3,23473.0
10,1213,"Trade Me (Cyclone, #1)",113.0,2015,3.75,5305.0
11,1214,"Covet (Fallen Angels, #1)",42.0,2009,3.91,49252.0
12,1215,"The Iron Queen (The Iron Fey, #3)",207.0,2011,4.2,104266.0
13,1216,"Hunting Ground (Alpha & Omega, #2)",267.0,2009,4.27,66592.0
14,1217,"Immortal in Death (In Death, #3)",191.0,1996,4.28,51583.0
15,1218,"Finale (Caraval, #3)",133.0,2019,4.21,96804.0
16,1219,"Never Never: Part Two (Never Never, #2)",7.0,2015,4.01,55286.0
17,1220,"The Will (Magdalene, #1)",231.0,2014,4.29,29046.0
18,1221,"Driven (Driven, #1)",449.0,2013,4.26,59370.0
19,1223,"Polaris Rising (Consortium Rebellion, #1)",450.0,2019,3.92,10458.0
20,1224,"The Sweetest Thing (Lucky Harbor, #2)",275.0,2011,4.1,19800.0
21,1225,"Rainshadow Road (Friday Harbor, #2)",68.0,2012,3.87,15510.0
22,1226,"Never Love a Highlander (McCabe Trilogy, #3)",254.0,2011,4.21,25853.0
23,1228,"Hideaway (Devil's Night, #2)",46.0,2017,4.08,58200.0
24,1229,"Dancing at Midnight (The Splendid Trilogy, #2)",279.0,1995,3.77,15464.0
25,1230,"King (King, #1)",451.0,2015,4.17,43994.0
26,1231,"Blameless (Parasol Protectorate, #3)",131.0,2010,3.99,39484.0
27,1232,The Sweet Gum Tree (Paperback),452.0,2005,4.27,29341.0
28,1233,"Magic Slays (Kate Daniels, #5)",233.0,2011,4.4,70852.0
29,1234,"The Duke Who Didn't (Wedgeford Trials, #1)",113.0,2020,3.92,4475.0
30,1235,"The Proposal (The Survivors' Club, #1)",312.0,2012,3.82,11343.0
31,1236,Play of Passion (Psy-Changeling #9),151.0,2010,4.23,27951.0
32,1237,"What I Did for Love (Wynette, Texas, #5)",163.0,2009,3.91,18807.0
33,1238,The Girl You Left Behind (Paperback),11.0,2012,4.01,153951.0
34,1239,"The Heart of Betrayal (The Remnant Chronicles, #2)",279.0,2015,4.22,63608.0
35,1240,"My Favorite Mistake (My Favorite Mistake, #1)",453.0,2012,3.98,55970.0
36,1241,"Barbarian Lover (Ice Planet Barbarians, #3)",164.0,2015,3.9,31023.0
37,1242,"Bombshell (Hell's Belles, #1)",104.0,2021,3.82,8823.0
38,1243,"Silver Borne (Mercy Thompson, #5)",267.0,2010,4.38,102351.0
39,1244,"Happily Ever After (The Selection, #0.4, 0.5, 2.5, 2.6, 3.3)",28.0,2015,4.09,56952.0
40,1245,"Dead Reckoning (Sookie Stackhouse, #11)",99.0,2011,3.8,122829.0
0,1,The Fault in Our Stars (Hardcover),1.0,2012,4.16,4501032.0
1,2,"Red, White & Royal Blue (Paperback)",2.0,2019,4.16,607767.0
2,4,The Hating Game (Paperback),4.0,2016,3.98,537504.0
3,5,Beach Read (Paperback),5.0,2020,4.06,607628.0
4,7,It Ends with Us (Kindle Edition),7.0,2016,4.38,1641804.0
5,8,The Love Hypothesis (Paperback),8.0,2021,4.29,724017.0
6,9,The Unhoneymooners (Paperback),292.0,2019,3.98,525789.0
7,11,"Fifty Shades of Grey (Fifty Shades, #1)",10.0,2011,3.66,2327268.0
8,12,"Me Before You (Me Before You, #1)",11.0,2012,4.26,1436094.0
9,13,"New Moon (The Twilight Saga, #2)",3.0,2006,3.57,1734961.0
10,14,Eleanor & Park (Hardcover),12.0,2012,3.97,1066165.0
11,15,"Outlander (Outlander, #1)",13.0,1991,4.25,957461.0
12,16,"Breaking Dawn (The Twilight Saga, #4)",3.0,2008,3.72,1544376.0
13,17,Ugly Love (Kindle Edition),7.0,2014,4.22,929379.0
14,18,"The Notebook (The Notebook, #1)",14.0,1996,4.13,1537458.0
15,19,"A Court of Thorns and Roses (A Court of Thorns and Roses, #1)",15.0,2015,4.19,1141409.0
16,21,"Get a Life, Chloe Brown (The Brown Sisters, #1)",292.0,2019,3.85,138781.0
17,22,Jane Eyre (Paperback),17.0,1847,4.14,1896342.0
18,23,The Seven Husbands of Evelyn Hugo (Hardcover),18.0,2017,4.47,1520986.0
19,24,"To All the Boys I've Loved Before (To All the Boys I've Loved Before, #1)",19.0,2014,4.07,739461.0
20,25,"The Duke and I (Bridgertons, #1)",20.0,2000,3.82,356433.0
21,26,"The Deal (Off-Campus, #1)",21.0,2015,4.27,431337.0
22,27,"The Spanish Love Deception (Spanish Love Deception, #1)",22.0,2021,3.97,377868.0
23,28,"Fifty Shades Darker (Fifty Shades, #2)",10.0,2011,3.83,837476.0
24,29,"The Flatshare (The Flatshare, #1)",23.0,2019,4.04,276885.0
25,31,The Time Traveler's Wife (ebook),292.0,2004,3.99,1703714.0
26,32,"Beautiful Disaster (Beautiful, #1)",292.0,2011,4.04,628815.0
27,33,Romeo and Juliet (Mass Market Paperback),27.0,1597,3.74,2376465.0
28,34,"The Bride Test (The Kiss Quotient, #2)",6.0,2019,3.87,131144.0
29,35,"The Elite (The Selection, #2)",28.0,2013,3.97,645722.0
30,36,"The Viscount Who Loved Me (Bridgertons, #2)",292.0,2000,4.04,259483.0
31,38,"Fifty Shades Freed (Fifty Shades, #3)",10.0,2012,3.84,795618.0
32,39,One Last Stop (Paperback),2.0,2021,4.01,154210.0
33,41,"Heartstopper: Volume One (Heartstopper, #1)",30.0,2018,4.53,430677.0
34,42,Sense and Sensibility (Paperback),0.0,1811,4.08,1092091.0
35,43,A Walk to Remember (Kindle Edition),292.0,1999,4.19,763488.0
36,44,"The One (The Selection, #3)",28.0,2014,4.17,574496.0
37,46,"It Happened One Summer (Bellinger Sisters, #1)",31.0,2021,4.07,255193.0
38,47,Persuasion (Paperback),292.0,1817,4.15,620545.0
39,48,Emma (Paperback),0.0,1815,4.04,784651.0
40,49,The Song of Achilles (Paperback),32.0,2011,4.38,950167.0
41,50,"Take a Hint, Dani Brown (The Brown Sisters, #2)",16.0,2020,4.06,75803.0
42,51,"An Offer From a Gentleman (Bridgertons, #3)",20.0,2001,3.95,192481.0
43,52,The Night Circus (Hardcover),33.0,2011,4.03,849454.0
44,53,Love and Other Words (Hardcover),9.0,2018,4.35,215451.0
45,54,"Everything, Everything (Hardcover)",34.0,2015,4.0,539107.0
46,55,"Hopeless (Hopeless, #1)",7.0,2012,4.29,383899.0
47,56,The Wall of Winnipeg and Me (Kindle Edition),35.0,2016,4.27,181562.0
48,57,"Bared to You (Crossfire, #1)",36.0,2012,4.16,498707.0
49,58,November 9 (Paperback),7.0,2015,4.29,532191.0
50,59,"P.S. I Still Love You (To All the Boys I've Loved Before, #2)",19.0,2015,4.05,321648.0
51,60,"City of Bones (The Mortal Instruments, #1)",37.0,2007,4.08,1860270.0
52,61,"A Court of Wings and Ruin (A Court of Thorns and Roses, #3)",15.0,2017,4.43,655054.0
53,62,"The Wedding Date (The Wedding Date, #1)",38.0,2018,3.6,124943.0
54,63,Josh and Hazel's Guide to Not Dating (Paperback),292.0,2018,4.01,117753.0
55,64,"Romancing Mister Bridgerton (Bridgertons, #4)",20.0,2002,3.96,188360.0
56,65,"Divergent (Divergent, #1)",39.0,2011,4.16,3540949.0
57,66,The Soulmate Equation (Paperback),9.0,2021,4.04,136796.0
58,67,"Simon vs. the Homo Sapiens Agenda (Simonverse, #1)",40.0,2015,4.2,389450.0
59,68,"The Hunger Games (The Hunger Games, #1)",41.0,2008,4.32,7591926.0
60,69,"Dark Lover (Black Dagger Brotherhood, #1)",42.0,2005,4.16,320970.0
61,70,"The Bromance Book Club (Bromance Book Club, #1)",43.0,2019,3.91,77742.0
62,71,"Aristotle and Dante Discover the Secrets of the Universe (Aristotle and Dante, #1)",44.0,2012,4.34,476866.0
63,73,"Heartstopper: Volume Two (Heartstopper, #2)",30.0,2019,4.6,316062.0
64,74,"Wallbanger (Cocktail, #1)",45.0,2012,4.01,198768.0
65,75,Punk 57 (Kindle Edition),292.0,2016,3.85,262165.0
66,76,"The Rosie Project (Don Tillman, #1)",47.0,2013,4.02,516559.0
67,77,"Act Your Age, Eve Brown (The Brown Sisters, #3)",16.0,2021,4.16,64493.0
68,78,Archer's Voice (ebook),48.0,2014,4.33,183482.0
69,79,The Sun Is Also a Star (Hardcover),34.0,2016,4.01,281659.0
70,80,"The Heart Principle (The Kiss Quotient, #3)",6.0,2021,4.01,82190.0
71,82,"To Sir Phillip, With Love (Bridgertons, #5)",20.0,2003,3.76,140654.0
72,83,"If I Stay (If I Stay, #1)",292.0,2009,3.93,826176.0
73,84,"The Summer I Turned Pretty (Summer, #1)",19.0,2009,3.84,396929.0
74,85,"The Mistake (Off-Campus, #2)",21.0,2015,4.05,225576.0
75,86,"Call Me By Your Name (Call Me By Your Name, #1)",51.0,2007,4.13,389241.0
76,87,"Well Met (Well Met, #1)",52.0,2019,3.85,58786.0
77,88,The Invisible Life of Addie LaRue (Hardcover),53.0,2020,4.22,686794.0
78,89,You Deserve Each Other (Kindle Edition),54.0,2020,3.95,77084.0
79,90,"From Blood and Ash (Blood and Ash, #1)",55.0,2020,4.29,325849.0
80,92,Dear John (Hardcover),14.0,2006,4.04,577789.0
81,93,"Heartstopper: Volume Three (Heartstopper, #3)",30.0,2020,4.63,273686.0
82,94,The Princess Bride (Paperback),56.0,1973,4.26,852415.0
83,95,"Bringing Down the Duke (A League of Extraordinary Women, #1)",57.0,2019,3.97,63015.0
84,97,Attachments (Hardcover),12.0,2011,3.88,190317.0
85,98,"Dragonfly in Amber (Outlander, #2)",13.0,1992,4.33,327326.0
86,99,"Shatter Me (Shatter Me, #1)",58.0,2011,3.9,517418.0
87,100,From Lukov with Love (Paperback),35.0,2018,4.34,144173.0
88,101,Normal People (Hardcover),59.0,2018,3.83,948855.0
89,102,"Easy (Contours of the Heart, #1)",60.0,2012,4.08,225554.0
90,103,"On Dublin Street (On Dublin Street, #1)",61.0,2012,4.18,189455.0
91,104,"Fix Her Up (Hot & Hammered, #1)",31.0,2019,3.65,93869.0
92,105,"When He Was Wicked (Bridgertons, #6)",20.0,2004,4.01,124412.0
93,106,One Day in December (Paperback),292.0,2018,3.89,239627.0
94,107,"Slammed (Slammed, #1)",7.0,2012,4.22,254688.0
95,108,"Catching Fire (The Hunger Games, #2)",41.0,2009,4.3,3064538.0
96,109,"Perfect Chemistry (Perfect Chemistry, #1)",292.0,2008,4.05,255549.0
97,110,"Matched (Matched, #1)",64.0,2010,3.63,732124.0
98,111,The Last Song (Hardcover),14.0,2008,4.15,536546.0
99,112,"Hush, Hush (Hush, Hush, #1)",65.0,2009,3.94,660659.0
100,113,All the Bright Places (Hardcover),66.0,2015,4.14,471843.0
101,114,"The Score (Off-Campus, #3)",21.0,2016,4.21,195637.0
102,116,"Crazy Rich Asians (Crazy Rich Asians, #1)",67.0,2013,3.89,430349.0
103,117,"Devil in Winter (Wallflowers, #3)",68.0,2006,4.24,77013.0
104,118,Gone with the Wind (Mass Market Paperback),69.0,1936,4.3,1160178.0
105,119,"Daughter of Smoke & Bone (Daughter of Smoke & Bone, #1)",70.0,2011,3.99,352283.0
106,120,Looking for Alaska (Paperback),1.0,2005,3.98,1408442.0
107,122,"City of Ashes (The Mortal Instruments, #2)",37.0,2008,4.13,865831.0
108,123,"A Discovery of Witches (All Souls, #1)",71.0,2011,4.01,445677.0
109,124,"The Duchess Deal (Girl Meets Duke, #1)",72.0,2017,4.0,48340.0
110,126,"Beautiful Bastard (Beautiful Bastard, #1)",9.0,2013,3.96,187771.0
111,127,"The Host (The Host, #1)",3.0,2008,3.85,963467.0
112,128,The Great Gatsby (Paperback),292.0,1925,3.93,4594799.0
113,129,"Shiver (The Wolves of Mercy Falls, #1)",75.0,2009,3.76,465220.0
114,130,All Your Perfects (Paperback),292.0,2018,4.23,282321.0
115,131,Reminders of Him (Kindle Edition),7.0,2022,4.52,523841.0
116,132,"The Ex Hex (The Ex Hex, #1)",76.0,2021,3.55,93853.0
117,133,Northanger Abbey (Paperback),0.0,1817,3.84,356726.0
118,134,"The Wrath and the Dawn (The Wrath and the Dawn, #1)",77.0,2015,4.07,160644.0
119,135,"Shadow and Bone (The Shadow and Bone Trilogy, #1)",78.0,2012,3.95,776233.0
120,137,Love on the Brain (Kindle Edition),8.0,2022,4.07,87537.0
121,138,Water for Elephants (Paperback),79.0,2006,4.1,1520037.0
122,139,"Boyfriend Material (London Calling, #1)",80.0,2020,4.09,81105.0
123,140,"The Heir (The Selection, #4)",28.0,2015,3.67,300177.0
124,141,"It's in His Kiss (Bridgertons, #7)",20.0,2005,4.01,105907.0
125,142,"City of Glass (The Mortal Instruments, #3)",37.0,2009,4.29,901506.0
126,143,"Lola and the Boy Next Door (Anna and the French Kiss, #2)",24.0,2011,3.92,160612.0
127,144,"Clockwork Angel (The Infernal Devices, #1)",37.0,2010,4.32,776513.0
128,145,In a Holidaze (Paperback),9.0,2020,3.74,110076.0
129,146,"Neon Gods (Dark Olympus, #1)",81.0,2021,3.74,112532.0
130,147,"Secrets of a Summer Night (Wallflowers, #1)",68.0,2004,4.03,67926.0
131,148,"Carry On (Simon Snow, #1)",12.0,2015,4.2,280623.0
132,149,"Heartstopper: Volume Four (Heartstopper, #4)",30.0,2021,4.67,227360.0
133,150,Safe Haven (Kindle Edition),14.0,2010,4.21,363661.0
134,152,"Spoiler Alert (Spoiler Alert, #1)",292.0,2020,3.71,33910.0
135,153,The Lucky One (Hardcover),14.0,2007,4.12,347631.0
136,154,Kulti (Kindle Edition),35.0,2015,4.31,95837.0
137,155,"Voyager (Outlander, #3)",13.0,1993,4.38,286958.0
138,156,"Reflected in You (Crossfire, #2)",36.0,2012,4.31,334677.0
139,157,Birthday Girl (ebook),46.0,2018,4.0,155589.0
140,158,99 Percent Mine (Hardcover),4.0,2019,3.39,69346.0
141,159,"The Roommate (The Shameless Series, #1)",84.0,2020,3.65,76613.0
142,161,"Vampire Academy (Vampire Academy, #1)",86.0,2007,4.11,614151.0
143,162,"Insurgent (Divergent, #2)",39.0,2012,3.99,1367875.0
144,163,"The Cruel Prince (The Folk of the Air, #1)",87.0,2018,4.09,721361.0
145,164,The Ex Talk (Kindle Edition),88.0,2021,3.76,57761.0
146,165,"A Court of Frost and Starlight (A Court of Thorns and Roses, #3.1)",15.0,2018,3.8,433701.0
147,166,"Scarlet (The Lunar Chronicles, #2)",49.0,2013,4.26,377397.0
148,167,They Both Die at the End (Hardcover),89.0,2017,3.84,515457.0
149,168,"A ​Court of Silver Flames (A Court of Thorns and Roses, #4)",15.0,2021,4.41,380727.0
150,169,"The Friend Zone (The Friend Zone, #1)",90.0,2019,3.9,88892.0
151,170,"Bully (Fall Away, #1)",46.0,2013,3.94,161031.0
152,171,"Crown of Midnight (Throne of Glass, #2)",15.0,2013,4.36,554931.0
153,172,"On the Way to the Wedding (Bridgertons, #8)",20.0,2006,3.84,89776.0
154,174,"Red Queen (Red Queen, #1)",91.0,2015,4.03,833765.0
155,175,"Lover Eternal (Black Dagger Brotherhood, #2)",292.0,2006,4.33,185613.0
156,177,"Romancing the Duke (Castles Ever After, #1)",72.0,2014,3.89,40861.0
157,179,"Vision in White (Bride Quartet, #1)",93.0,2009,4.12,134276.0
158,180,"Obsidian (Lux, #1)",55.0,2011,4.15,267374.0
159,181,"Graceling (Graceling Realm, #1)",292.0,2008,4.07,433410.0
160,182,"Lover Awakened (Black Dagger Brotherhood, #3)",42.0,2006,4.44,173335.0
161,183,Paper Towns (Paperback),1.0,2008,3.74,1193459.0
162,184,Second First Impressions (Hardcover),4.0,2021,3.59,60023.0
163,185,"Fallen (Fallen, #1)",95.0,2009,3.72,553649.0
164,186,"Paper Princess (The Royals, #1)",96.0,2016,3.95,126593.0
165,187,One to Watch (Paperback),97.0,2020,3.91,81435.0
166,189,Mansfield Park (Paperback),99.0,1814,3.86,321831.0
167,190,"The Proposal (The Wedding Date, #2)",0.0,2018,3.49,100627.0
168,192,"What If It's Us (What If It's Us, #1)",100.0,2018,3.86,121957.0
169,193,"The Simple Wild (Wild, #1)",40.0,2018,4.33,72371.0
170,194,"After (After, #1)",101.0,2014,3.71,263884.0
171,195,"It Happened One Autumn (Wallflowers, #2)",292.0,2005,4.12,57733.0
172,196,"Where She Went (If I Stay, #2)",68.0,2011,3.99,282137.0
173,197,Seven Days in June (Hardcover),50.0,2021,4.09,78605.0
174,198,"Nine Rules to Break When Romancing a Rake (Love By Numbers, #1)",292.0,2010,4.08,49547.0
175,199,One True Loves (Kindle Edition),104.0,2016,4.1,164083.0
176,200,"Cress (The Lunar Chronicles, #3)",49.0,2014,4.42,332040.0
177,202,"Clockwork Prince (The Infernal Devices, #2)",37.0,2011,4.43,515519.0
178,203,Regretting You (Kindle Edition),7.0,2019,4.22,287156.0
179,204,"Serpent & Dove (Serpent & Dove, #1)",105.0,2019,4.03,220662.0
180,205,"Tangled (Tangled, #1)",292.0,2013,4.05,114988.0
181,206,"City of Fallen Angels (The Mortal Instruments, #4)",37.0,2011,4.09,559039.0
182,207,"P.S. I Love You (P.S. I Love You, #1)",107.0,2004,4.03,365580.0
183,208,"The Crown (The Selection, #5)",28.0,2016,3.65,223841.0
184,209,Rebecca (ebook),108.0,1938,4.24,556837.0
185,211,"Twisted Love (Twisted, #1)",109.0,2021,3.78,156928.0
186,212,"Walking Disaster (Beautiful, #2)",292.0,2013,4.17,184195.0
187,213,"Written in the Stars (Written in the Stars, #1)",110.0,2020,3.91,31978.0
188,214,"Addicted to You (Addicted, #1)",111.0,2013,3.84,87419.0
189,215,"You Had Me at Hola (Primas of Power, #1)",112.0,2020,3.7,32398.0
190,216,"The Goal (Off-Campus, #4)",21.0,2016,3.98,132250.0
191,217,"The Duchess War (Brothers Sinister, #1)",113.0,2012,3.82,26223.0
192,218,Bet Me (Mass Market Paperback),114.0,2004,3.93,90477.0
193,219,Memoirs of a Geisha (Mass Market Paperback),115.0,1997,4.14,1885367.0
194,220,"Beautiful Creatures (Caster Chronicles, #1)",116.0,2009,3.76,578256.0
195,221,"Drums of Autumn (Outlander, #4)",13.0,1996,4.34,232769.0
196,222,I've Got Your Number (Hardcover),85.0,2011,3.94,214926.0
197,223,"The Chase (Briar U, #1)",21.0,2018,3.91,109987.0
198,224,Roomies (Paperback),9.0,2017,3.82,58406.0
199,225,"Isla and the Happily Ever After (Anna and the French Kiss, #3)",24.0,2014,4.01,113789.0
200,226,Heart Bones (Kindle Edition),7.0,2020,4.35,224754.0
201,227,"Under One Roof (The STEMinist Novellas, #1)",8.0,2022,3.75,69278.0
202,228,"Playing for Keeps (Neighbor from Hell, #1)",117.0,2011,4.03,111514.0
203,230,"Neanderthal Seeks Human (Knitting in the City, #1)",118.0,2013,3.9,60932.0
204,231,If I Never Met You (Paperback),119.0,2020,3.84,53076.0
205,232,My Life Next Door (Hardcover),120.0,2012,3.98,147935.0
206,233,"Love & Gelato (Love & Gelato, #1)",121.0,2016,4.1,102568.0
207,234,"House of Earth and Blood (Crescent City, #1)",15.0,2020,4.48,312233.0
208,235,Tweet Cute (Hardcover),122.0,2020,3.96,52886.0
209,236,"City of Lost Souls (The Mortal Instruments, #5)",37.0,2012,4.23,493192.0
210,237,"The Gentleman's Guide to Vice and Virtue (Montague Siblings, #1)",123.0,2017,4.05,124688.0
211,238,"Fallen Too Far (Rosemary Beach, #1; Too Far, #1)",124.0,2012,4.16,169269.0
212,240,"When Dimple Met Rishi (Dimple and Rishi, #1)",126.0,2017,3.69,52486.0
213,241,"The Fine Print (Dreamland Billionaires, #1)",127.0,2021,4.01,118844.0
214,242,"A Rogue by Any Other Name (The Rules of Scoundrels, #1)",104.0,2012,3.93,40424.0
215,243,"The Queen of Nothing (The Folk of the Air, #3)",87.0,2019,4.37,396096.0
216,244,"Winter (The Lunar Chronicles, #4)",49.0,2015,4.43,245936.0
217,245,"Allegiant (Divergent, #3)",39.0,2013,3.61,961821.0
218,247,Shipped (Paperback),129.0,2021,3.66,51696.0
219,248,Five Feet Apart (ebook),130.0,2018,4.2,173328.0
220,249,"Soulless (Parasol Protectorate, #1)",131.0,2009,3.89,107608.0
221,250,"Vicious (Sinners of Saint, #1)",132.0,2016,4.01,111719.0
222,251,"Caraval (Caraval, #1)",292.0,2016,4.0,294117.0
223,254,Little Women (Paperback),292.0,1868,4.13,1991721.0
224,256,"The Wicked King (The Folk of the Air, #2)",87.0,2019,4.34,445996.0
225,258,"Scandal in Spring (Wallflowers, #4)",68.0,2006,4.03,48206.0
226,259,My Favorite Half-Night Stand (Paperback),292.0,2018,3.77,61122.0
227,262,"It's Not Summer Without You (Summer, #2)",292.0,2010,3.91,262306.0
228,263,The Statistical Probability of Love at First Sight (Hardcover),139.0,2012,3.77,113752.0
229,264,"The Edge of Never (The Edge of Never, #1)",140.0,2012,4.22,146564.0
230,265,All Rhodes Lead Here (Kindle Edition),35.0,2021,4.35,70129.0
231,266,"Halfway to the Grave (Night Huntress, #1)",141.0,2007,4.13,151672.0
232,267,Message in a Bottle (Paperback),14.0,1998,3.97,227762.0
233,268,"A Princess in Theory (Reluctant Royals, #1)",142.0,2018,3.78,14602.0
234,269,"Truth or Beard (Winston Brothers, #1)",118.0,2015,3.91,46697.0
235,270,"The Happy Ever After Playlist (The Friend Zone, #2)",90.0,2020,4.17,68882.0
236,272,"A Kingdom of Flesh and Fire (Blood and Ash, #2)",55.0,2020,4.43,224628.0
237,273,"A Touch of Darkness (Hades & Persephone, #1)",144.0,2019,3.85,142444.0
238,274,Cruel Beauty (Hardcover),145.0,2014,3.66,87119.0
239,275,Landline (Hardcover),12.0,2014,3.54,161979.0
240,276,"Pushing the Limits (Pushing the Limits, #1)",146.0,2012,4.05,121285.0
241,277,The Love Hypothesis (Paperback),8.0,2021,4.29,724017.0
242,278,This is How You Lose the Time War (Kindle Edition),147.0,2019,3.96,100491.0
243,279,The House in the Cerulean Sea (Kindle Edition),148.0,2020,4.45,358972.0
244,280,"The Sweetest Oblivion (Made, #1)",149.0,2018,4.08,143376.0
245,281,"Lover Unbound (Black Dagger Brotherhood, #5)",42.0,2007,4.31,129500.0
246,282,"Legend (Legend, #1)",150.0,2011,4.16,487553.0
247,283,"Queen of Shadows (Throne of Glass, #4)",15.0,2015,4.56,412140.0
248,284,"Slave to Sensation (Psy-Changeling, #1)",151.0,2006,4.09,70446.0
249,286,"Corrupt (Devil's Night, #1)",46.0,2015,3.81,138238.0
250,287,A Thousand Boy Kisses (ebook),152.0,2016,4.16,102788.0
251,288,The Switch (Kindle Edition),23.0,2020,3.99,95605.0
252,289,The Truth About Forever (Paperback),153.0,2004,4.12,218798.0
253,290,"Unravel Me (Shatter Me, #2)",58.0,2013,4.18,310275.0
254,291,"Point of Retreat (Slammed, #2)",7.0,2012,4.24,163696.0
255,292,"Heir of Fire (Throne of Glass, #3)",15.0,2014,4.46,473089.0
256,293,"The Winner's Curse (The Winner's Trilogy, #1)",154.0,2014,3.96,105328.0
257,294,"Delilah Green Doesn't Care (Bright Falls, #1)",155.0,2022,4.2,26876.0
258,295,"The Governess Game (Girl Meets Duke, #2)",72.0,2018,3.91,27195.0
259,296,Midnight Sun (Hardcover),3.0,2020,3.72,194655.0
260,297,"Empire of Storms (Throne of Glass, #5)",15.0,2016,4.56,343879.0
261,299,"Darkfever (Fever, #1)",292.0,2006,4.06,173720.0
